"","Date","Asia_atm ","Asia_conf ","Asia_deaths ","Asia_incidence ","Asia_recovered ","Europe_atm ","Europe_conf ","Europe_deaths ","Europe_incidence ","Europe_recovered ","Africa_atm ","Africa_conf ","Africa_deaths ","Africa_incidence ","Africa_recovered ","Oceania_atm ","Oceania_conf ","Oceania_deaths ","Oceania_incidence ","Oceania_recovered ","North America_atm ","North America_conf ","North America_deaths ","North America_incidence ","North America_recovered ","South America_atm ","South America_conf ","South America_deaths ","South America_incidence ","South America_recovered "
"1",2020-01-23,622,652,18,0.0276073619631902,30,0,0,0,0,0,0,0,0,0,0,0,0,0,0,0,0,0,0,0,0,1,1,0,0,0
"2",2020-01-24,899,935,26,0.027807486631016,36,2,2,0,0,0,0,0,0,0,0,0,0,0,0,0,0,0,0,0,0,2,2,0,0,0
"3",2020-01-25,1385,1424,42,0.0294943820224719,39,3,3,0,0,0,3,3,0,0,0,0,0,0,0,0,0,0,0,0,0,2,2,0,0,0
"4",2020-01-26,2046,2098,56,0.0266920877025739,52,3,3,0,0,0,4,4,0,0,0,4,4,0,0,0,1,1,0,0,0,5,5,0,0,0
"5",2020-01-27,2843,2904,82,0.028236914600551,61,4,4,0,0,0,4,4,0,0,0,5,5,0,0,0,1,1,0,0,0,5,5,0,0,0
"6",2020-01-28,5443,5550,131,0.0236036036036036,107,8,8,0,0,0,4,4,0,0,0,5,5,0,0,0,2,2,0,0,0,5,5,0,0,0
"7",2020-01-29,6002,6128,133,0.0217036553524804,126,14,14,0,0,0,7,7,0,0,0,6,6,0,0,0,2,2,0,0,0,5,5,0,0,0
"8",2020-01-30,8051,8192,171,0.0208740234375,141,14,14,0,0,0,8,8,0,0,0,7,9,0,0,2,2,2,0,0,0,5,5,0,0,0
"9",2020-01-31,9648,9868,213,0.0215849209566275,220,20,20,0,0,0,8,8,0,0,0,7,9,0,0,2,4,4,0,0,0,7,7,0,0,0
"10",2020-02-01,11687,11969,259,0.0216392346896148,282,25,25,0,0,0,8,8,0,0,0,10,12,0,0,2,4,4,0,0,0,8,8,0,0,0
"11",2020-02-02,16242,16712,362,0.021661081857348,470,28,28,0,0,0,8,8,0,0,0,10,12,0,0,2,4,4,0,0,0,8,8,0,0,0
"12",2020-02-03,19186,19807,426,0.0215075478366234,621,30,30,0,0,0,8,8,0,0,0,10,12,0,0,2,4,4,0,0,0,11,11,0,0,0
"13",2020-02-04,22963,23813,492,0.0206609834964095,850,31,31,0,0,0,10,10,0,0,0,11,13,0,0,2,4,4,0,0,0,11,11,0,0,0
"14",2020-02-05,26430,27552,564,0.0204703832752613,1122,31,31,0,0,0,12,12,0,0,0,11,13,0,0,2,5,5,0,0,0,11,11,0,0,0
"15",2020-02-06,29221,30706,634,0.0206474304696151,1485,31,31,0,0,0,12,12,0,0,0,12,14,0,0,2,5,5,0,0,0,11,11,0,0,0
"16",2020-02-07,32225,34232,719,0.0210037391913999,2007,33,33,0,0,0,11,12,0,0,1,13,15,0,0,2,7,7,0,0,0,11,11,0,0,0
"17",2020-02-08,34343,36955,806,0.0218103098362874,2612,40,40,0,0,0,15,16,0,0,1,13,15,0,0,2,7,7,0,0,0,11,11,0,0,0
"18",2020-02-09,36744,39979,906,0.0226618974961855,3235,42,42,0,0,0,15,16,0,0,1,13,15,0,0,2,7,7,0,0,0,8,11,0,0,3
"19",2020-02-10,38575,42512,1013,0.0238285660519383,3937,43,43,0,0,0,17,18,0,0,1,13,15,0,0,2,7,7,0,0,0,8,11,0,0,3
"20",2020-02-11,39878,44550,1113,0.024983164983165,4672,45,45,0,0,0,15,18,0,0,3,13,15,0,0,2,7,7,0,0,0,9,12,0,0,3
"21",2020-02-12,39800,44928,1118,0.0248842592592593,5128,39,45,0,0,6,15,18,0,0,3,13,15,0,0,2,6,7,0,0,1,9,12,0,0,3
"22",2020-02-13,53813,60079,1371,0.022819953727592,6266,38,45,0,0,7,16,19,0,0,3,7,15,0,0,8,6,7,0,0,1,10,13,0,0,3
"23",2020-02-14,58533,66562,1523,0.0228809230491872,8029,38,45,0,0,7,17,20,0,0,3,7,15,0,0,8,6,7,0,0,1,10,13,0,0,3
"24",2020-02-15,59279,68633,1665,0.0242594670202381,9354,33,46,1,0.0217391304347826,13,16,23,0,0,7,7,15,0,0,8,6,7,0,0,1,10,13,0,0,3
"25",2020-02-16,59922,70745,1769,0.0250053007279666,10823,33,47,1,0.0212765957446809,14,16,23,0,0,7,7,15,0,0,8,6,7,0,0,1,10,13,0,0,3
"26",2020-02-17,60142,72679,1867,0.0256883006095296,12537,32,47,1,0.0212765957446809,15,16,23,0,0,7,5,15,0,0,10,7,8,0,0,1,10,13,0,0,3
"27",2020-02-18,60185,74472,2007,0.0269497260715437,14287,21,47,1,0.0212765957446809,26,10,23,0,0,13,5,15,0,0,10,7,8,0,0,1,10,13,0,0,3
"28",2020-02-19,58840,74893,2122,0.0283337561587865,16053,21,47,1,0.0212765957446809,26,8,23,0,0,15,5,15,0,0,10,7,8,0,0,1,10,13,0,0,3
"29",2020-02-20,57262,75367,2244,0.0297743044037841,18105,21,47,1,0.0212765957446809,26,8,23,0,0,15,5,15,0,0,10,7,8,0,0,1,10,13,0,0,3
"30",2020-02-21,57065,75876,2246,0.0296009278296167,18811,36,64,2,0.03125,28,8,23,0,0,15,4,15,0,0,11,6,9,0,0,3,10,15,0,0,5
"31",2020-02-22,54556,77362,2452,0.031695147488431,22806,81,110,3,0.0272727272727273,29,8,23,0,0,15,4,15,0,0,11,6,9,0,0,3,10,15,0,0,5
"32",2020-02-23,54109,77421,2457,0.0317355756190181,23312,173,203,4,0.0197044334975369,30,8,23,0,0,15,4,15,0,0,11,6,9,0,0,3,12,17,0,0,5
"33",2020-02-24,52536,77679,2611,0.0336126881139047,25143,248,277,8,0.0288808664259928,29,5,23,0,0,18,4,15,0,0,11,7,10,0,0,3,12,17,0,0,5
"34",2020-02-25,50473,78282,2686,0.0343118469124448,27809,345,381,11,0.0288713910761155,36,6,24,0,0,18,4,15,0,0,11,8,11,0,0,3,11,17,0,0,6
"35",2020-02-26,48524,78799,2741,0.0347847053896623,30275,501,540,14,0.0259259259259259,39,6,24,0,0,18,4,15,0,0,11,8,11,0,0,3,12,18,0,0,6
"36",2020-02-27,46270,79392,2778,0.034990931076179,33122,720,802,19,0.0236907730673317,82,7,25,0,0,18,4,15,0,0,11,7,13,0,0,6,13,19,0,0,6
"37",2020-02-28,43352,79904,2831,0.0354300160192231,36552,1008,1092,23,0.0210622710622711,84,8,27,0,0,19,5,16,0,0,11,8,14,0,0,6,12,19,0,0,7
"38",2020-02-29,40968,80585,2888,0.0358379350995843,39617,1378,1463,31,0.0211893369788107,85,13,32,0,0,19,15,26,0,0,11,14,20,0,0,6,21,28,1,0.0357142857142857,7
"39",2020-03-01,39110,81621,2935,0.0359588831305669,42511,2066,2188,36,0.0164533820840951,122,19,38,0,0,19,17,28,1,0.0357142857142857,11,18,24,0,0,6,40,47,1,0.0212765957446809,7
"40",2020-03-02,37109,82440,2989,0.0362566715186803,45331,2524,2712,55,0.0202802359882006,188,22,41,0,0,19,20,31,1,0.032258064516129,11,21,27,0,0,6,63,70,6,0.0857142857142857,7
"41",2020-03-03,35558,83497,3033,0.0363246583709594,47939,3132,3333,85,0.0255025502550255,201,28,52,0,0,24,29,40,1,0.025,11,24,30,0,0,6,86,93,7,0.0752688172043011,7
"42",2020-03-04,33584,84336,3087,0.0366035856573705,50752,3958,4277,114,0.0266541968669628,319,52,76,0,0,24,44,55,2,0.0363636363636364,11,27,33,0,0,6,122,129,11,0.0852713178294574,7
"43",2020-03-05,31963,85193,3134,0.0367870599697158,53230,5193,5650,159,0.028141592920354,457,54,78,0,0,24,37,58,2,0.0344827586206897,21,31,37,0,0,6,198,205,12,0.0585365853658537,7
"44",2020-03-06,31704,86768,3182,0.0366725059929928,55064,6801,7369,214,0.0290405753833627,568,107,131,0,0,24,43,64,2,0.03125,21,44,50,0,0,6,258,265,14,0.0528301886792453,7
"45",2020-03-07,30633,88089,3233,0.0367015177831511,57456,8818,9485,257,0.027095413811281,667,119,144,0,0,25,47,68,2,0.0294117647058824,21,47,55,0,0,8,379,386,17,0.0440414507772021,7
"46",2020-03-08,29296,89068,3313,0.037196299456595,59772,11248,11949,408,0.0341451167461712,701,164,191,1,0.00523560209424084,27,60,81,3,0.037037037037037,21,62,70,0,0,8,518,525,22,0.0419047619047619,7
"47",2020-03-09,28467,89930,3382,0.0376070276882019,61463,13876,14685,518,0.0352740892066735,809,190,217,1,0.00460829493087558,27,75,96,3,0.03125,21,79,87,1,0.0114942528735632,8,593,600,23,0.0383333333333333,7
"48",2020-03-10,28048,91278,3461,0.037917132277219,63230,17224,18044,711,0.0394036798935934,820,213,243,1,0.00411522633744856,30,91,112,3,0.0267857142857143,21,84,92,1,0.0108695652173913,8,806,814,29,0.0356265356265356,8
"49",2020-03-11,28183,93166,3552,0.0381254964257347,64983,21674,22985,952,0.0414183162932347,1311,219,277,1,0.0036101083032491,58,112,133,3,0.0225563909774436,21,127,135,2,0.0148148148148148,8,1237,1245,34,0.0273092369477912,8
"50",2020-03-12,28639,94885,3646,0.0384254624018549,66246,25071,26384,1145,0.0433975136446331,1313,230,296,2,0.00675675675675676,66,112,133,3,0.0225563909774436,21,152,160,2,0.0125,8,1704,1716,45,0.0262237762237762,12
"51",2020-03-13,29442,97004,3750,0.0386581996618696,67562,35729,37472,1524,0.0406703672075149,1743,341,408,6,0.0147058823529412,67,182,205,3,0.0146341463414634,23,256,264,2,0.00757575757575758,8,2450,2462,55,0.0223395613322502,12
"52",2020-03-14,30066,99112,3885,0.039198078940996,69046,42688,45304,1792,0.0395550061804697,2616,455,535,7,0.0130841121495327,80,233,256,3,0.01171875,23,284,292,2,0.00684931506849315,8,3238,3251,63,0.0193786527222393,13
"53",2020-03-15,29157,101216,4027,0.0397861998103067,72059,50648,53660,2274,0.0423779351472233,3012,707,788,8,0.0101522842639594,81,282,305,3,0.00983606557377049,23,361,369,2,0.00542005420054201,8,3399,3412,75,0.0219812426729191,13
"54",2020-03-16,30223,103232,4201,0.0406947458152511,73009,60569,64037,2749,0.0429283070724737,3468,965,1054,8,0.00759013282732448,89,362,385,3,0.00779220779220779,23,548,559,6,0.0107334525939177,11,5000,5019,102,0.0203227734608488,19
"55",2020-03-17,30941,105710,4368,0.0413205940781383,74769,70591,74762,3337,0.044634974987293,4171,1160,1262,13,0.0103011093502377,102,441,464,5,0.0107758620689655,23,649,661,7,0.010590015128593,12,7045,7069,138,0.0195218559909464,24
"56",2020-03-18,32750,108532,4587,0.0422640327276748,75782,82368,87776,3941,0.044898377688662,5408,1396,1510,19,0.0125827814569536,114,565,588,6,0.0102040816326531,23,860,872,12,0.0137614678899083,12,9946,10058,199,0.0197852455756612,112
"57",2020-03-19,34487,111402,4799,0.0430782212168543,76915,100172,106030,4741,0.0447137602565312,5858,1699,1848,23,0.0124458874458874,149,684,710,6,0.00845070422535211,26,1085,1097,15,0.0136736554238833,12,15626,15754,282,0.0179002158182049,128
"58",2020-03-20,36054,114813,4999,0.0435403656380375,78759,118880,125269,5893,0.0470427639719324,6389,2042,2211,31,0.0140208050655812,169,805,831,7,0.00842358604091456,26,1316,1328,18,0.0135542168674699,12,21541,21701,391,0.0180176028754435,160
"59",2020-03-21,37490,117872,5200,0.044115650875526,80382,136945,145902,7268,0.0498142588861016,8957,2413,2620,42,0.016030534351145,207,1098,1124,7,0.00622775800711744,26,1807,1823,26,0.0142622051563357,16,28542,28734,496,0.0172617804691306,192
"60",2020-03-22,40272,121534,5409,0.0445060641466586,81262,152055,164814,8559,0.051931267974808,12759,2808,3094,60,0.0193923723335488,286,1565,1653,7,0.00423472474289171,88,2175,2191,30,0.0136923779096303,16,37570,37783,664,0.0175740412354763,213
"61",2020-03-23,44634,126361,5631,0.044562800231084,81727,176819,189579,10036,0.0529383528766372,12760,3424,3710,74,0.0199460916442049,286,1699,1787,7,0.00391717963066592,88,2896,2912,37,0.012706043956044,16,48467,48680,866,0.0177896466721446,213
"62",2020-03-24,48386,131828,5930,0.0449828564493127,83442,192412,212079,11716,0.0552435648979861,19667,3960,4281,82,0.0191544031768278,321,2076,2203,8,0.00363141171130277,127,3552,3671,38,0.0103514028874966,119,59307,59751,1134,0.0189787618617262,444
"63",2020-03-25,54231,138998,6290,0.0452524496755349,84767,217280,240719,13768,0.0571953190234257,23439,4638,5048,97,0.019215530903328,410,2433,2574,8,0.00310800310800311,141,4126,4322,45,0.0104118463674225,196,72025,72489,1471,0.0202927340699968,464
"64",2020-03-26,59844,146024,6687,0.0457938421081466,86180,244911,274484,15892,0.0578977281007272,29573,5545,5943,115,0.0193504963822985,398,2899,3098,13,0.00419625564880568,199,5142,5340,55,0.0102996254681648,198,90805,91617,1921,0.0209677243306373,812
"65",2020-03-27,66230,153802,7162,0.0465663645466249,87572,272910,309039,18303,0.0592255346412589,36129,6302,6790,134,0.0197349042709867,488,3285,3516,13,0.00369738339021615,231,5923,6199,75,0.0120987256009034,276,109898,110949,2509,0.022613993816979,1051
"66",2020-03-28,73012,161680,7642,0.0472662048490846,88668,302024,344679,20766,0.0602473605876772,42655,6832,7405,160,0.0216070222822417,573,3802,4096,14,0.00341796875,294,6874,7370,89,0.0120759837177748,496,130765,132045,3206,0.0242796016509523,1280
"67",2020-03-29,79504,169596,8030,0.047347814806953,90092,324688,373443,23112,0.0618889629742692,48755,7620,8288,189,0.0228040540540541,668,4203,4503,17,0.00377526093715301,300,7813,8312,97,0.011669874879692,499,149317,152204,3884,0.0255183832225171,2887
"68",2020-03-30,86747,179058,8568,0.0478504171832591,92311,345138,403323,25805,0.0639809780250568,58185,8110,8945,214,0.0239239798770263,835,4635,4955,18,0.00363269424823411,320,9141,9654,125,0.0129480008286721,513,168424,174683,4760,0.0272493602697458,6259
"69",2020-03-31,95616,189333,9159,0.0483750851674035,93717,371094,437967,28685,0.0654958021951426,66873,8843,9811,249,0.025379675874019,968,4779,5211,19,0.00364613317981194,432,9440,11093,157,0.0141530695032904,1653,194812,202878,6093,0.0300328276106823,8066
"70",2020-04-01,105033,200282,10062,0.0502391627804795,95249,393564,472241,31941,0.0676370751374828,78677,9681,10850,294,0.0270967741935484,1169,5070,5575,21,0.00376681614349776,505,10907,12301,174,0.0141451914478498,1394,221107,230724,7433,0.0322159809989425,9617
"71",2020-04-02,114164,211211,10923,0.0517160564553929,97047,413835,505944,35537,0.0702389987824739,92109,10528,11891,362,0.0304431923303339,1363,5308,5920,25,0.00422297297297297,612,12569,14377,212,0.014745774500939,1808,252988,263410,9191,0.0348923731065639,10422
"72",2020-04-03,122511,221370,11859,0.0535709445724353,98859,437954,541316,39075,0.0721851931219473,103362,11121,13248,420,0.0317028985507246,2127,5453,6205,29,0.00467365028203062,752,13606,15865,261,0.0164513079104948,2259,286108,297351,10611,0.0356850994279488,11243
"73",2020-04-04,129404,230721,12840,0.0556516311909189,101317,459090,573894,42367,0.0738237374846226,114804,11997,14312,489,0.0341671324762437,2315,5684,6512,31,0.00476044226044226,828,14213,16891,313,0.0185305784145403,2678,316155,332905,12080,0.0362866283173878,16750
"74",2020-04-05,138389,240420,13658,0.0568089177273105,102031,477034,601110,44848,0.0746086406814061,124076,12943,15439,561,0.0363365502947082,2496,5825,6738,36,0.00534283170080142,913,16861,19988,374,0.0187112267360416,3127,342969,362685,13652,0.0376414795207963,19716
"75",2020-04-06,144444,251911,14459,0.0573972553798762,107467,495960,627738,47895,0.0762977547957906,131778,13679,16480,627,0.0380461165048544,2801,5661,6917,41,0.00592742518432847,1256,17794,21184,473,0.0223281722054381,3390,372295,394328,15510,0.0393327382280741,22033
"76",2020-04-07,151370,262396,15768,0.0600923794570039,111026,509098,656997,51942,0.0790597217338892,147899,14720,17745,687,0.0387151310228233,3025,5749,7070,46,0.00650636492220651,1321,18855,22802,518,0.0227173054995176,3947,403245,427962,18048,0.0421719685392628,24717
"77",2020-04-08,157955,272442,17008,0.0624279663194368,114487,520090,690096,54933,0.0796019684217848,170006,15769,19211,766,0.0398729894331373,3442,5873,7235,51,0.00704906703524534,1362,20136,24461,565,0.0230979927231103,4325,437852,464700,20448,0.0440025823111685,26848
"78",2020-04-09,165062,283057,18384,0.0649480493328199,117995,535833,723140,58688,0.0811571756506347,187307,16766,20540,843,0.0410418695228822,3774,5573,7362,52,0.00706329801684325,1789,21172,26527,674,0.0254080747917216,5355,474256,503545,22813,0.0453047890456662,29289
"79",2020-04-10,170955,293223,19750,0.0673548800742097,122268,558758,757650,62079,0.0819362502474758,198892,17448,21962,953,0.0433931335943903,4514,5348,7514,56,0.00745275485759915,2166,22370,28466,733,0.0257500175648142,6096,509238,542397,25153,0.046373781565901,33159
"80",2020-04-11,172998,302904,20852,0.0688402926339698,129906,575144,788092,64646,0.0820284941352025,212948,18568,23456,1046,0.0445941336971351,4888,5403,7631,61,0.00799370986764513,2228,23278,30182,841,0.0278642899741568,6904,539253,575489,27404,0.0476186338922204,36236
"81",2020-04-12,179538,312357,21801,0.0697951382552656,132819,615660,840364,67273,0.0800522154685351,224704,18447,25050,1119,0.0446706586826347,6603,5384,7661,64,0.00835400078318757,2277,24130,31631,913,0.0288640890265878,7501,568553,606939,29410,0.0484562699052129,38386
"82",2020-04-13,187443,323187,22756,0.0704112479771773,135744,630310,866123,69868,0.0806675264367763,235813,19601,26529,1203,0.0453466018319575,6928,5364,7716,66,0.00855365474339036,2352,25135,33338,995,0.0298458215849781,8203,586058,636301,31481,0.0494750126119557,50243
"83",2020-04-14,194824,334144,24111,0.0721575129285578,139320,643537,891106,72478,0.0813348804743768,247569,20635,28176,1323,0.0469548551959114,7541,4983,7797,71,0.00910606643580864,2814,26327,35071,1128,0.0321633258247555,8744,608332,666417,34202,0.0513222201714542,58085
"84",2020-04-15,203335,345747,25181,0.0728307114739969,142412,658900,922146,76715,0.0831918156127121,263246,21774,29874,1413,0.0472986543482627,8100,4928,7842,72,0.00918133129303749,2914,27023,36608,1253,0.0342274912587413,9585,626557,700707,37074,0.0529094186300408,74150
"85",2020-04-16,211630,357809,26456,0.0739388891838942,146179,683921,965637,79974,0.082819941655094,281716,22637,31728,1510,0.0475920322743318,9091,4755,7880,72,0.00913705583756345,3125,29183,39606,1528,0.0385800131293238,10423,656011,736347,39501,0.0536445453026902,80336
"86",2020-04-17,221827,370270,28893,0.0780322467388662,148443,699959,997403,83245,0.083461750165179,297444,24351,34005,1627,0.0478459050139685,9654,3324,7948,77,0.00968797181680926,4624,30718,42105,1647,0.0391164944780905,11387,689304,774357,42458,0.054830007348032,85053
"87",2020-04-18,231022,383113,30209,0.0788514093753018,152091,710826,1019735,85435,0.0837815707021922,308909,26096,36258,1781,0.0491201941640466,10162,3016,8007,78,0.00974147620831772,4991,32089,44094,1707,0.0387127500340182,12005,716303,808409,45228,0.0559469278545885,92106
"88",2020-04-19,239748,394451,30880,0.0782860228520146,154703,732829,1054084,87533,0.0830417689671791,321255,27153,38477,1884,0.0489643163448294,11324,3022,8058,79,0.00980392156862745,5036,32613,45644,1888,0.0413635965296644,13031,732468,838769,46707,0.0556851767292306,106301
"89",2020-04-20,249333,407749,31679,0.0776924039053437,158416,743110,1077776,89896,0.0834087973753359,334666,28263,40240,1956,0.0486083499005964,11977,2813,8081,79,0.00977601781957678,5268,34292,48114,2062,0.0428565490293885,13822,761305,870308,48765,0.0560318875616448,109003
"90",2020-04-21,258262,420715,33146,0.0787849256622654,162453,745960,1105212,92539,0.0837296373908354,359252,29990,42320,2142,0.0506143667296786,12330,2404,8108,80,0.00986679822397632,5704,35580,50212,2260,0.0450091611566956,14632,787460,900679,51503,0.0571824146005403,113219
"91",2020-04-22,267387,434868,34240,0.0787365361443013,167481,751948,1128531,95184,0.0843432745755323,376583,31986,45004,2313,0.0513954315171985,13018,2145,8121,81,0.00997414111562616,5976,36850,52934,2440,0.0460951373408395,16084,815786,934130,54194,0.0580154796441609,118344
"92",2020-04-23,277374,448908,35153,0.0783078047172249,171534,762423,1156085,97744,0.0845474164961919,393662,33639,48035,2474,0.0515041115853024,14396,1986,8136,92,0.0113077679449361,6150,38652,55258,2626,0.0475225306742915,16606,852305,975733,57189,0.0586113209248842,123428
"93",2020-04-24,287669,462844,36426,0.0787003828503772,175175,752460,1169457,100161,0.0856474415049036,416997,36041,51329,2665,0.0519199672699643,15288,1892,8156,97,0.0118930848455125,6264,40212,57462,2814,0.0489714942048658,17250,885226,1029411,59822,0.0581128431695406,144185
"94",2020-04-25,296338,474971,37475,0.0788995538674993,178633,762463,1193576,102221,0.0856426402675657,431113,33578,53853,2802,0.0520305275472119,20275,1654,8182,98,0.0119775116108531,6528,41189,59473,3007,0.0505607586635952,18284,925334,1073162,61964,0.0577396516089835,147828
"95",2020-04-26,304659,486831,38031,0.0781195116991317,182172,770491,1214861,103668,0.0853332191913314,444370,34468,56541,2900,0.0512902141808599,22073,1468,8201,102,0.0124375076210218,6733,42280,61619,3136,0.0508933932715558,19339,951543,1107722,63582,0.0573988780578521,156179
"96",2020-04-27,313889,499711,38610,0.0772646589728863,185822,777899,1236441,105499,0.0853247344596305,458542,35697,59074,3033,0.0513423841283814,23377,1397,8211,102,0.0124223602484472,6814,42697,63647,3302,0.0518799000738448,20950,974535,1137115,65533,0.0576309344261574,162580
"97",2020-04-28,323349,513081,39823,0.0776154252447469,189732,782787,1258226,107409,0.0853654271967039,475439,35174,62205,3245,0.0521662245800177,27031,1330,8236,108,0.0131131617289947,6906,43404,65458,3450,0.0527055516514406,22054,1002294,1172026,68571,0.0585063812577537,169732
"98",2020-04-29,332909,527715,40870,0.0774471068663957,194806,774218,1276267,109594,0.0858707464817315,502049,37840,65670,3480,0.0529922338967565,27830,1278,8246,110,0.0133398011156925,6968,44383,67834,3646,0.0537488575050859,23451,1032660,1210153,71652,0.0592090421624373,177493
"99",2020-04-30,343417,542071,41758,0.0770341892482719,198654,772311,1297001,111284,0.0858010132605912,524690,41138,69579,3663,0.0526451946708058,28441,1257,8263,112,0.0135543991286458,7006,45103,69875,3828,0.054783542039356,24772,1038722,1252259,74635,0.05960029035527,213537
"100",2020-05-01,353653,556822,42685,0.0766582498536337,203169,776398,1317099,112498,0.0854134730950369,540701,42881,73193,3845,0.0525323459893706,30312,1231,8281,113,0.0136456949643763,7050,45832,72198,4072,0.0564004543062135,26366,1070656,1298040,77201,0.0594750546978521,227384
"101",2020-05-02,361968,569030,43564,0.0765583536896121,207062,780421,1339219,114237,0.0853012091375645,558798,46098,77160,4005,0.051905132192846,31062,1210,8304,114,0.013728323699422,7094,47016,74614,4231,0.0567051759723376,27598,1094679,1338578,79666,0.0595153961890902,243899
"102",2020-05-03,369345,582083,44029,0.0756404155421134,212738,787013,1359478,115175,0.0847200175361426,572465,47936,80486,4144,0.0514872151678553,32550,1188,8327,115,0.0138104959769425,7139,48568,77422,4354,0.0562372452274547,28854,1122643,1376234,81399,0.0591461917086775,253591
"103",2020-05-04,380237,597130,44673,0.074812854822233,216893,791043,1379196,116484,0.0844579015600393,588153,51422,84865,4315,0.0508454604371649,33443,1148,8351,116,0.013890552029697,7203,49252,79369,4581,0.0577177487432121,30117,1145778,1410795,83159,0.0589447793619909,265017
"104",2020-05-05,390570,613363,45703,0.0745121567489399,222793,794221,1400177,117802,0.0841336488172567,605956,50503,88206,4627,0.0524567489739927,37703,1076,8381,118,0.0140794654575826,7305,49721,81266,4794,0.0589914601432333,31545,1176351,1447920,86182,0.0595212442676391,271569
"105",2020-05-06,401570,629263,46628,0.0740993829289184,227693,789026,1425518,119734,0.0839933273378519,636492,52538,92669,4931,0.053210890373264,40131,1024,8401,118,0.014045946911082,7377,50405,83372,4994,0.0599002063042748,32967,1211984,1489637,89372,0.0599958244860996,277653
"106",2020-05-07,411147,645819,47381,0.0733657572787422,234672,793493,1448984,121069,0.0835544077781397,655491,56340,97437,5268,0.0540657039933495,41097,982,8421,118,0.0140125875786724,7439,51254,85534,5190,0.0606776252718217,34280,1242859,1531219,92074,0.0601311765332065,288360
"107",2020-05-08,422411,662734,48227,0.0727697688665437,240323,800495,1472396,122528,0.0832167433217694,671901,58915,103524,5563,0.0537363316718828,44609,924,8428,118,0.0140009492168961,7504,52107,87573,5362,0.0612289175887545,35466,1276278,1573879,94830,0.0602524082219789,297601
"108",2020-05-09,431002,677597,48777,0.0719852655782124,246595,800622,1493237,123471,0.0826868072516285,692615,60605,108506,5837,0.053794260225241,47901,925,8451,118,0.0139628446337712,7526,49053,89377,5507,0.0616154044105307,40324,1301069,1616578,97112,0.0600725730524602,315509
"109",2020-05-10,439990,695031,49290,0.0709177000738097,255041,806689,1513062,124214,0.0820944548207542,706373,64172,113201,6030,0.0532680806706655,49029,896,8463,118,0.0139430462011107,7567,49653,91180,5699,0.0625027418293485,41527,1324241,1648398,98993,0.0600540646130364,324157
"110",2020-05-11,451230,713015,49721,0.0697334558179,261785,813381,1535026,125225,0.0815784227759009,721645,66147,117789,6209,0.0527129018838771,51642,860,8485,118,0.0139068945197407,7625,50368,92905,5844,0.0629029653947581,42537,1332984,1677926,100668,0.0599954944377762,344942
"111",2020-05-12,461044,730569,50634,0.069307621867339,269525,816351,1555953,126464,0.0812775193081025,739602,67833,123134,6629,0.0538356587132717,55301,809,8495,119,0.0140082401412596,7686,49425,94535,6051,0.0640080393505051,45110,1366286,1715636,103417,0.0602791034928155,349350
"112",2020-05-13,469828,748287,51396,0.0686848762573718,278459,813623,1574479,127618,0.0810541137735086,760856,70314,128186,7033,0.0548655859454231,57872,782,8504,119,0.0139934148635936,7722,49992,96509,6191,0.0641494575635433,46517,1385986,1756652,106130,0.0604160641948434,370666
"113",2020-05-14,481277,768619,52075,0.0677513826746411,287342,814036,1594404,128872,0.0808276948627826,780368,72271,133846,7373,0.0550856955007994,61575,766,8535,119,0.0139425893380199,7769,50810,98454,6386,0.0648627785564832,47644,1428789,1805475,108846,0.0602866281726415,376686
"114",2020-05-15,488226,785682,52708,0.0670856657018997,297456,814955,1614417,129866,0.08044142250732,799462,73700,139594,7744,0.0554751636889838,65894,749,8551,119,0.0139165009940358,7802,51903,100445,6492,0.0646323858828214,48542,1466651,1856427,111933,0.0602948567328529,389776
"115",2020-05-16,497032,804681,53424,0.0663915265800982,307649,816346,1631981,130530,0.0799825488164384,815635,75849,145381,8122,0.0558669977507377,69532,749,8561,119,0.0139002452984464,7812,52783,102453,6630,0.0647125999238675,49670,1492086,1906938,114125,0.0598472525063741,414852
"116",2020-05-17,506689,824536,53849,0.0653082460923477,317847,818845,1648988,131571,0.0797889372148251,830143,78218,150708,8317,0.0551861878599676,72490,731,8571,120,0.0140007000350017,7840,53624,104139,6751,0.0648268180028616,50515,1516258,1941220,115567,0.0595331801650508,424962
"117",2020-05-18,516844,844737,54343,0.0643312652340314,327893,818173,1665632,132254,0.0794016925707479,847459,81000,157011,8566,0.0545566871110941,76011,724,8585,120,0.0139778683750728,7861,54562,105902,6825,0.0644463749504259,51340,1538804,1983901,117342,0.0591471046186276,445097
"118",2020-05-19,528036,867417,55198,0.0636349068556415,339381,821768,1683446,132683,0.0788163089282341,861678,82907,163007,8986,0.0551264669615415,80100,700,8593,121,0.0140812289072501,7893,55405,108055,6917,0.0640136967285179,52650,1565308,2030975,120270,0.0592178633414985,465667
"119",2020-05-20,539825,890176,55844,0.0627336616579193,350351,818568,1700914,133535,0.0785077905173336,882346,85472,169088,9506,0.0562192467827403,83616,665,8602,121,0.0140664961636829,7937,55840,109771,7056,0.0642792723032495,53931,1598171,2085497,122956,0.0589576489441126,487326
"120",2020-05-21,550375,914241,56497,0.0617966159907508,363866,819212,1717871,134239,0.0781426544833692,898659,90551,177228,10038,0.0566389058162367,86677,669,8617,122,0.01415805964953,7948,56780,111871,7200,0.0643598430334939,55091,1636025,2140147,125649,0.0587104530670089,504122
"121",2020-05-22,559648,937284,57157,0.0609815168081393,377636,813917,1736983,135503,0.0780105504774658,923066,93266,184585,10612,0.0574911287482732,91319,666,8621,122,0.0141514905463403,7955,57547,114078,7316,0.06413155910868,56531,1626677,2194793,128239,0.0584287447608954,568116
"122",2020-05-23,572379,960648,57723,0.0600875658930222,388269,814584,1753777,136115,0.0776124900714287,939193,97067,192043,10890,0.0567060502075056,94976,657,8636,123,0.0142427049559981,7979,58846,116253,7436,0.0639639407155084,57407,1658288,2249616,130591,0.0580503517044687,591328
"123",2020-05-24,583377,982764,58451,0.059476130586794,399387,809169,1769595,136600,0.0771928040031759,960426,99554,199227,11211,0.0562724931861645,99673,634,8636,123,0.0142427049559981,8002,60123,118619,7538,0.0635479982127652,58496,1688687,2296854,132037,0.057486022185128,608167
"124",2020-05-25,591696,1003149,58851,0.0586662599474256,411453,811883,1784819,135166,0.0757309284582919,972936,102235,206016,11575,0.0561849565082324,103781,620,8648,123,0.014222941720629,8028,61283,120735,7678,0.0635938211786143,59452,1696990,2338862,133728,0.0571765243096857,641872
"125",2020-05-26,597748,1022568,59345,0.0580352602467513,424820,806358,1800424,136105,0.0755960818118399,994066,105042,213410,12200,0.0571669556253221,108368,624,8661,124,0.0143170534580303,8037,62753,123349,7820,0.0633973522282305,60596,1729522,2385951,135723,0.0568842360970531,656429
"126",2020-05-27,607202,1045370,60190,0.0575776997618068,438168,801221,1815861,136766,0.0753174389449413,1014640,109043,222337,12783,0.0574938044500016,113294,604,8672,125,0.0144142066420664,8068,62626,125476,7967,0.0634942140329625,62850,1760334,2438542,138678,0.0568692275958339,678208
"127",2020-05-28,616057,1070213,60948,0.056949411005099,454156,802916,1836423,137362,0.0747986711122655,1033507,112521,230663,13328,0.0577812653091306,118142,615,8687,125,0.0143893173707839,8072,63502,127523,8100,0.0635179536240521,64021,1797583,2501427,141269,0.0564753638623074,703844
"128",2020-05-29,616294,1097511,61749,0.0562627618310887,481217,803952,1853743,138028,0.074459080897406,1049791,115529,240096,13837,0.0576311142209783,124567,605,8706,125,0.0143579140822421,8101,64279,129698,8207,0.0632777683541766,65419,1836089,2565605,143823,0.0560581227429787,729516
"129",2020-05-30,624063,1123474,62414,0.0555544676601328,499411,805515,1871616,138598,0.0740525834359185,1066101,119402,249316,14359,0.0575935760240017,129914,604,8714,125,0.0143447326141841,8110,63950,132167,8338,0.0630868522399691,68217,1890370,2647247,146008,0.0551546568945021,756877
"130",2020-05-31,631273,1151039,62980,0.054715782870954,519766,810757,1887239,138956,0.0736292541644169,1076482,122920,258066,14670,0.056845923135942,135146,610,8724,125,0.0143282897753324,8114,65215,134439,8583,0.0638430812487448,69224,1904951,2699985,147358,0.0545773402444828,795034
"131",2020-06-01,641621,1178038,63538,0.0539354418108754,536417,816913,1901285,139336,0.0732851729225235,1084372,126503,267212,15042,0.0562923820786492,140709,621,8743,124,0.0141827747912616,8122,66141,136415,8645,0.0633727962467471,70274,1924109,2742376,149025,0.0543415636659597,818267
"132",2020-06-02,654337,1207572,64286,0.0532357490899093,553235,813137,1915492,139911,0.0730418085797278,1102355,129724,276123,15662,0.0567210989305491,146399,619,8751,124,0.0141698091646669,8132,67228,138444,8758,0.0632602351853457,71216,1927504,2808066,151705,0.0540247273390298,880562
"133",2020-06-03,671065,1239394,65137,0.0525555231024194,568329,813842,1932621,140486,0.0726919556395175,1118779,132868,285498,16866,0.0590757203202825,152630,618,8762,124,0.0141520200867382,8144,68308,140642,8902,0.0632954593933533,72334,1945768,2866227,154403,0.0538697737478574,920459
"134",2020-06-04,686759,1270032,65819,0.0518246784332993,583273,815042,1949315,140970,0.0723177116063848,1134273,139187,297656,17836,0.0599215201440589,158469,587,8769,124,0.0141407230014825,8182,69401,142786,9078,0.0635776616755144,73385,1978168,2930912,157199,0.0536348413053684,952744
"135",2020-06-05,701862,1301196,66693,0.0512551529515922,599334,816329,1966498,141488,0.0719492214078021,1150169,143091,309434,18630,0.0602066999747927,166343,587,8774,124,0.0141326646911329,8187,70008,144790,9218,0.0636646177222184,74782,2018670,2998889,159518,0.0531923655727171,980219
"136",2020-06-06,719440,1333802,67459,0.050576472369962,614362,812912,1983591,141931,0.0715525529204357,1170679,147190,319992,19117,0.0597421185529638,172802,579,8781,124,0.0141213984739779,8202,70569,147144,9330,0.0634072745066058,76575,2063063,3071387,161520,0.0525886187575841,1008324
"137",2020-06-07,736895,1366269,68131,0.0498664611434498,629374,817090,2000019,142243,0.0711208243521687,1182929,152456,329860,19442,0.0589401564300006,177404,581,8787,124,0.0141117560031865,8206,71690,149334,9405,0.0629796295552252,77644,2091712,3121980,162846,0.0521611285145965,1030268
"138",2020-06-08,750587,1396199,68793,0.049271629617268,645612,821997,2015288,142627,0.070772514896134,1193291,155519,339915,19974,0.0587617492608446,184396,569,8789,124,0.0141085447718739,8220,72615,151398,9481,0.0626230201191561,78783,2019202,3165911,164881,0.0520801121699252,1146709
"139",2020-06-09,765969,1428818,69621,0.0487262898423732,662849,816457,2030984,143170,0.0704929236271679,1214527,158117,350685,20752,0.059175613442263,192568,556,8796,124,0.0140973169622556,8240,73342,153919,9604,0.0623964552784257,80577,2047723,3228028,167433,0.0518685091950875,1180305
"140",2020-06-10,788319,1463902,70509,0.0481651094130618,675583,812175,2046390,143696,0.0702192641676318,1234215,161981,362263,21620,0.059680397942931,200282,548,8807,124,0.0140797093221301,8259,74076,156451,9741,0.0622623057698577,82375,2079519,3296637,170116,0.0516028910674727,1217118
"141",2020-06-11,796238,1499711,71369,0.0475885020513952,703473,813341,2063591,144091,0.0698253675268016,1250250,167423,374787,22388,0.0597352629626961,207364,529,8811,124,0.014073317444104,8282,75350,158991,9816,0.0617393437364379,83641,2115256,3365530,172707,0.0513164345585985,1250274
"142",2020-06-12,809439,1530773,72192,0.0471604868912634,721334,815315,2081103,144513,0.0694405803076542,1265788,172894,388491,23096,0.0594505406817661,215597,513,8816,124,0.014065335753176,8303,73773,161508,9912,0.0613715729251802,87735,2144944,3428844,174882,0.0510031952459779,1283900
"143",2020-06-13,817497,1567112,73015,0.0465920751037577,749615,819929,2098329,144848,0.0690301663847757,1278400,177713,400592,23729,0.059234832447977,222879,504,8842,124,0.0140239764759104,8338,75271,164412,10021,0.0609505388901053,89141,2175433,3495198,177138,0.0506803906388136,1319765
"144",2020-06-14,836339,1609538,73884,0.0459038556405627,773199,824730,2114739,145112,0.0686193426233686,1290009,184497,413991,24209,0.0584771166522944,229494,506,8857,124,0.0140002258100937,8351,76875,167360,10093,0.0603071223709369,90485,2205624,3552658,178802,0.0503290775526381,1347034
"145",2020-06-15,844962,1644180,74780,0.0454816382634505,799218,831210,2130428,145436,0.0682660948879756,1299218,188775,427468,24958,0.0583856569380632,238693,515,8871,124,0.0139781309886146,8356,77272,169049,10150,0.0600417630391188,91777,2225439,3605993,180169,0.0499637686484694,1380554
"146",2020-06-16,843362,1680703,77387,0.046044423077724,837341,830768,2146403,145952,0.0679984140909233,1315635,193439,440138,25948,0.0589542370801885,246699,533,8894,124,0.0139419833595682,8361,78832,171866,10256,0.0596743974957234,93034,2264358,3678580,182681,0.0496607386545895,1414222
"147",2020-06-17,860738,1719517,78322,0.0455488372606959,858779,829896,2162790,146471,0.067723172383819,1332894,199779,454208,26946,0.0593252430604481,254429,539,8916,124,0.0139075818752804,8377,79917,174932,10345,0.0591372647657375,95015,2262821,3747102,185291,0.0494491476346254,1484281
"148",2020-06-18,873031,1758781,79251,0.0450601865724044,885750,830026,2180015,146916,0.0673921968426823,1349989,207088,468324,27834,0.0594332129038871,261236,556,8934,124,0.0138795612267741,8378,81880,177969,10440,0.0586619017918851,96089,2299067,3812328,187889,0.049284584117631,1513261
"149",2020-06-19,887881,1798964,80233,0.0445995584125085,911083,829640,2198081,148520,0.0675680286577246,1368441,210806,483535,28756,0.0594703589192096,272729,557,8938,124,0.0138733497426717,8381,83506,181289,10550,0.0581943747276448,97783,2364464,3915266,190434,0.0486388408859066,1550802
"150",2020-06-20,895762,1838210,81136,0.0441385913470169,942448,827831,2213825,148874,0.0672474111549016,1385994,212551,499817,29380,0.0587815140341365,287266,594,8990,124,0.0137931034482759,8396,85785,184705,10678,0.0578111041931729,98920,2395270,3996710,192594,0.0481881347408243,1601440
"151",2020-06-21,907177,1874943,82068,0.0437709306362913,967766,831623,2228625,149103,0.0669035840484604,1397002,220356,514757,30624,0.0594921487226011,294401,602,9005,124,0.0137701277068295,8403,87234,187178,10738,0.0573678530596544,99944,2429371,4054658,194091,0.047868648847819,1625287
"152",2020-06-22,917649,1913268,82839,0.0432971230376508,995619,835723,2242950,149355,0.0665886444191801,1407227,225152,528564,31611,0.0598054351034123,303412,609,9025,124,0.0137396121883657,8416,88794,190008,10834,0.0570186518462381,101214,2453253,4121394,195513,0.0474385608364548,1668141
"153",2020-06-23,927333,1952828,83835,0.0429300481148365,1025495,832451,2259512,149774,0.066285994497927,1427061,232848,544308,32706,0.0600873035119822,311460,630,9055,125,0.0138045278851463,8425,90602,193375,10939,0.0565688429217841,102773,2497521,4209915,198125,0.0470615202444705,1712394
"154",2020-06-24,936898,1993316,84884,0.0425843167867012,1056418,827461,2276401,150098,0.0659365375432536,1448940,238070,561048,33898,0.0604190728778999,322978,662,9095,126,0.0138537658053876,8433,92255,196128,11027,0.0562234867025616,103873,2540753,4302716,200641,0.0466312440793211,1761963
"155",2020-06-25,944251,2034228,85893,0.0422238805089695,1089977,829958,2293099,150386,0.0655819918808564,1463141,247315,579443,34859,0.0601594980006662,332128,673,9133,126,0.0137961239461294,8460,95254,200013,11116,0.0555763875348102,104759,2603337,4399514,202992,0.0461396417877065,1796177
"156",2020-06-26,959770,2077080,86855,0.0418159146494117,1117310,830825,2310709,150825,0.0652721740383579,1479884,253360,597133,35806,0.0599631907799435,343773,679,9141,126,0.0137840498851329,8462,96459,202739,11247,0.0554752662289939,106280,2663281,4508410,205214,0.0455180429464046,1845129
"157",2020-06-27,971826,2120941,87777,0.0413858754203912,1149115,826994,2324316,151121,0.0650174072716447,1497322,260486,613920,36629,0.0596641256189732,353434,735,9230,126,0.0136511375947996,8495,98747,206061,11332,0.0549934242772771,107314,2716041,4607035,207507,0.0450413335257926,1890994
"158",2020-06-28,983624,2163491,88647,0.0409740553577528,1179867,829099,2337613,151344,0.0647429664362749,1508514,267523,628990,37084,0.058958012051066,361467,801,9310,126,0.0135338345864662,8509,101452,209563,11390,0.0543511974919237,108111,2763567,4692033,208969,0.0445369842880474,1928466
"159",2020-06-29,991970,2204681,89653,0.0406648399473665,1212711,838110,2355590,151629,0.0643698606293965,1517480,272890,644075,37783,0.0586624228544812,371185,841,9380,126,0.0134328358208955,8539,103402,213176,11500,0.0539460352009607,109774,2801557,4770785,210559,0.0441350846873209,1969228
"160",2020-06-30,1004034,2248129,90794,0.0403864724844526,1244095,836014,2370199,152012,0.064134699238334,1534185,280180,661238,38702,0.0585296065864333,381058,924,9466,126,0.0133107965349673,8542,105869,216765,11601,0.0535187876271538,110896,2837126,4863901,213028,0.0437977664430259,2026775
"161",2020-07-01,1014229,2292456,91864,0.040072306731296,1278227,850551,2404217,152422,0.0633977714989953,1553666,289714,680612,39715,0.0583518950591526,390898,951,9549,126,0.0131950989632422,8598,108362,220450,11747,0.0532864595146292,112088,2900389,4977656,215314,0.0432561028725167,2077267
"162",2020-07-02,1008491,2337619,92826,0.0397096361725328,1329128,854027,2421248,152776,0.063098038697399,1567221,296231,701672,40640,0.0579187996670809,405441,976,9614,126,0.0131058872477637,8638,110585,224367,11890,0.0529935329170511,113782,2815232,5095872,217984,0.0427765846551876,2280640
"163",2020-07-03,1021397,2382267,93760,0.0393574691669741,1360870,856731,2439874,153143,0.0627667658247926,1583143,304644,723757,41555,0.057415679572011,419113,981,9808,126,0.0128466557911909,8827,113305,228667,12017,0.0525524015271115,115362,2880801,5207599,220539,0.0423494589349142,2326798
"164",2020-07-04,1027285,2431799,94912,0.039029541504047,1404514,856034,2454850,153448,0.0625080962176915,1598816,313257,746225,42288,0.0566692351502563,432968,1087,9994,126,0.0126075645387232,8907,115478,232764,12132,0.0521214620817652,117286,2860639,5307515,222569,0.0419346907168421,2446876
"165",2020-07-05,1041974,2483253,96038,0.0386742712079679,1441279,861179,2469297,153685,0.0622383617685519,1608118,322520,764554,42854,0.0560509787405468,442034,1208,10136,128,0.0126282557221784,8928,118160,236757,12216,0.0515972072631432,118597,2889961,5399072,223983,0.041485462686921,2509111
"166",2020-07-06,1049834,2529053,97085,0.0383878866911844,1479219,869410,2487089,154044,0.0619374698693935,1617679,328194,783298,43590,0.0556493186501178,455104,1347,10312,128,0.0124127230411171,8965,120498,240463,12316,0.0512178588805762,119965,2908297,5477992,225519,0.0411681871751547,2569695
"167",2020-07-07,1055309,2575551,98255,0.0381491183828237,1520242,865270,2501363,154448,0.0617455363335909,1636093,338099,806940,44864,0.0555976900389124,468841,1447,10444,128,0.0122558406740712,8997,121809,244395,12435,0.0508807463327809,122586,2960373,5598807,228549,0.0408210177632485,2638434
"168",2020-07-08,1066421,2626564,99294,0.037803761872926,1560143,842924,2515132,154807,0.0615502486549414,1672208,347597,829014,45918,0.0553886906614364,481417,1532,10617,128,0.0120561363850429,9085,123165,247851,12567,0.0507038502971543,124686,3013278,5717261,231213,0.040441218268678,2703983
"169",2020-07-09,1077692,2677819,100397,0.0374920784414481,1600127,844089,2534191,155200,0.0612424241108898,1690102,358814,855652,46887,0.0547968099180508,496838,1851,10942,128,0.0116980442332298,9091,125182,251946,12665,0.0502687083740167,126764,3079258,5841379,234041,0.0400660528960713,2762121
"170",2020-07-10,1091200,2729351,101462,0.0371744051974261,1638151,849442,2551383,155557,0.0609696780138458,1701941,368270,880183,47873,0.0543898257521447,511913,1874,11122,129,0.0115986333393275,9248,126671,256018,12826,0.0500980399815638,129347,3140928,5973458,236742,0.0396323201736749,2832530
"171",2020-07-11,1104639,2780575,102568,0.0368873344542046,1675936,848519,2566489,155875,0.0607347235854118,1717970,375192,905155,48657,0.0537554341521618,529963,2125,11367,130,0.0114366147620304,9242,128783,259787,12934,0.0497869408399958,131004,3206941,6091094,239164,0.0392645393421937,2884153
"172",2020-07-12,1114031,2832489,103856,0.036665985287145,1718458,852092,2578946,156216,0.0605735831614931,1726854,381185,926376,49193,0.0531026278746427,545191,2266,11550,130,0.0112554112554113,9284,130482,263433,13021,0.0494281278351611,132951,3265326,6191109,240829,0.0388991697610234,2925783
"173",2020-07-13,1114255,2883431,104979,0.0364076685032519,1769176,861100,2598635,156472,0.0602131503654803,1737535,389765,947230,49904,0.0526841421829967,557465,2471,11822,130,0.010996447301641,9351,132348,267295,13111,0.0490506743485662,134947,3297236,6285922,242468,0.0385731798771922,2988686
"174",2020-07-14,1119498,2935568,106153,0.0361609746393202,1816070,858734,2612933,156798,0.0600084273113777,1754199,394902,968814,51049,0.0526922608467673,573912,2616,12060,133,0.011028192371476,9444,134399,271605,13252,0.0487914434564901,137206,3365935,6413196,245253,0.0382419311681726,3047261
"175",2020-07-15,1129534,2991702,107365,0.0358875984305924,1862168,856321,2629769,157205,0.0597790148108066,1773448,393774,993277,51861,0.0522120214200067,599503,2832,12384,135,0.0109011627906977,9552,137087,276523,13369,0.048346792129407,139436,3425560,6538244,248107,0.0379470389908972,3112684
"176",2020-07-16,1145798,3048249,108611,0.0356306194146213,1902451,857387,2647419,157566,0.059516835075974,1790032,404042,1019824,52901,0.0518726760695963,615782,3170,12808,138,0.0107745159275453,9638,139638,281032,13492,0.0480087676848188,141394,3493580,6682517,251059,0.0375695265720985,3188937
"177",2020-07-17,1151817,3108542,109939,0.0353667410638171,1956725,860275,2665129,157917,0.0592530417852194,1804854,407357,1046711,53960,0.0515519565572541,639354,3331,13017,140,0.0107551663209649,9686,118164,285182,13626,0.047780014166392,167018,3559605,6811917,254821,0.037408118742492,3252312
"178",2020-07-18,1168708,3170075,111101,0.0350468048863197,2001367,859575,2678092,158151,0.0590536098087743,1818517,419596,1073403,54833,0.0510833303055795,653807,3583,13381,144,0.0107615275390479,9798,105664,292919,13734,0.0468866819837566,187255,3623352,6925803,257273,0.0371470282940476,3302451
"179",2020-07-19,1189275,3231276,112433,0.0347952325954205,2042001,863246,2692988,158337,0.0587960287977518,1829742,447778,1097522,55342,0.0504245017411952,649744,3731,13650,145,0.0106227106227106,9919,108294,297225,13831,0.0465337707124232,188931,3693800,7030774,259022,0.0368411785103603,3336974
"180",2020-07-20,1201961,3289301,113594,0.0345343889172806,2087340,890934,2713685,158790,0.05851452913658,1822751,451523,1118157,55902,0.049994768176562,666634,4088,14010,148,0.0105638829407566,9922,108425,301058,13944,0.0463166565910888,192633,3696080,7131921,260879,0.0365790647428652,3435841
"181",2020-07-21,1215178,3350475,114825,0.0342712600452175,2135297,887771,2729551,159094,0.0582857766716944,1841780,447719,1138836,57142,0.0501757935295337,691117,4407,14476,150,0.0103619784470848,10069,109619,305593,14100,0.0461398003226514,195974,3746896,7259426,264057,0.0363743634827327,3512530
"182",2020-07-22,1235497,3419800,116593,0.0340935142405989,2184303,887839,2745400,159433,0.0580727762803235,1857561,444865,1164451,58645,0.0503627889881154,719586,4585,14884,155,0.0104138672399893,10299,110667,309744,14208,0.0458701379203471,199077,3830930,7420997,267202,0.0360062131813286,3590067
"183",2020-07-23,1246722,3492432,117990,0.033784480270482,2245710,890259,2765909,159753,0.0577578654973826,1875650,455299,1191446,59637,0.0500543037619833,736147,4872,15178,161,0.0106074581631308,10306,112473,314700,14332,0.0455417858277725,202227,3916859,7573257,274173,0.036202785670683,3656398
"184",2020-07-24,1252045,3563756,119328,0.0334837738610612,2311711,892591,2785021,160071,0.0574756886931912,1892430,461267,1221081,60770,0.0497673782492726,759814,5064,15533,167,0.0107513036760446,10469,114249,319812,14488,0.0453016146986354,205563,3951741,7725872,277212,0.0358809982873131,3774131
"185",2020-07-25,1271879,3634429,120550,0.0331688966822574,2362550,893901,2799946,160318,0.0572575328238473,1906045,458804,1246141,61927,0.0496950184609928,787337,5436,15986,177,0.0110721881646441,10550,116753,324912,14615,0.0449814103511105,208159,3965424,7861480,279917,0.0356061454077349,3896056
"186",2020-07-26,1295486,3704019,121812,0.0328864403773307,2408533,900025,2814591,160519,0.0570310215587274,1914566,468994,1269609,62474,0.0492072756258029,800615,5813,16518,183,0.0110788231020705,10705,119031,329376,14712,0.0446662780530458,210345,3996154,7958106,281404,0.0353606750148842,3961952
"187",2020-07-27,1309082,3770169,122965,0.0326152488124538,2461087,913731,2838102,160720,0.0566293952789576,1924371,463503,1287666,63224,0.0490996888944804,824163,6044,16887,189,0.0111920412151359,10843,119981,333193,14861,0.0446017773482636,213212,4030593,8069619,284253,0.035225083117307,4039026
"188",2020-07-28,1322583,3844443,124275,0.0323258791975847,2521860,913383,2854933,161244,0.0564790837473244,1941550,462358,1308270,64396,0.0492222553448447,845912,6019,17168,198,0.0115330848089469,11149,121658,337851,15001,0.0444012301280742,216193,4096396,8202699,287338,0.0350296896180148,4106303
"189",2020-07-29,1344416,3918683,125548,0.0320383149134543,2574267,916393,2873125,161590,0.0562418968892756,1956732,462914,1331419,65256,0.0490123695095233,868505,6734,17885,211,0.011797595750629,11151,122848,342420,15157,0.0442643537176567,219572,4156996,8367312,291235,0.0348062794837816,4210316
"190",2020-07-30,1320134,3996616,126859,0.0317416033964734,2676482,920294,2894124,161890,0.0559374788364286,1973830,466448,1356302,66354,0.0489227325477659,889854,7195,18490,218,0.011790156841536,11295,123978,346732,15310,0.0441551399928475,222754,4230623,8515407,294311,0.0345621765348386,4284784
"191",2020-07-31,1348109,4081205,128178,0.0314069006580164,2733096,926129,2916692,162240,0.0556246597172413,1990563,463426,1383717,67417,0.0487216677976783,920291,7350,18869,224,0.0118713233345699,11519,125168,351391,15449,0.0439652694576697,226223,4290397,8662680,297587,0.0343527638098141,4372283
"192",2020-08-01,1359146,4157479,129495,0.0311474814424799,2798333,925926,2930253,162467,0.0554447005087957,2004327,459684,1410241,68490,0.0485661670593891,950557,7747,19487,231,0.0118540565505209,11740,126820,355931,15579,0.0437697194119085,229111,4347336,8788486,300269,0.0341661806140443,4441150
"193",2020-08-02,1377892,4231186,130719,0.0308941748247418,2853294,930247,2944923,162674,0.0552387957172395,2014676,461414,1428001,69090,0.0483823190600007,966587,7754,19912,244,0.0122539172358377,12158,128339,359620,15671,0.0435765530281964,231281,4413012,8904558,302352,0.0339547454236359,4491546
"194",2020-08-03,1390131,4303212,132044,0.0306849860058022,2913081,942048,2967624,162924,0.054900486045402,2025576,449365,1443693,69663,0.0482533336381073,994328,8160,20324,255,0.0125467427671718,12164,128646,362726,15757,0.0434405033000116,234080,4380121,8990776,304395,0.0338563656796699,4610655
"195",2020-08-04,1398398,4379500,133444,0.0304701449937207,2981102,950306,2991467,163551,0.0546725068336037,2041161,439117,1459506,70992,0.0486411155555373,1020389,8701,21041,270,0.0128320897295756,12340,127423,367226,15869,0.0432131711806898,239803,4411463,9125459,307770,0.0337265226877903,4713996
"196",2020-08-05,1404482,4460526,134890,0.0302408280996456,3056044,954338,3011095,163883,0.0544263797721427,2056757,434284,1480605,72358,0.0488705630468626,1046321,9003,21486,278,0.0129386577306153,12483,128764,371925,16003,0.0430274921019023,243161,4454327,9266631,311397,0.0336041221453622,4812304
"197",2020-08-06,1421080,4546945,136273,0.0299702327606778,3125865,962011,3034813,164168,0.0540949310550601,2072802,435004,1501266,73618,0.0490372792030193,1066262,9207,21868,289,0.0132156575818548,12661,130470,376613,16126,0.0428184900680539,246143,4523380,9413028,314761,0.0334388679179537,4889648
"198",2020-08-07,1438557,4633360,137678,0.0297145052402576,3194803,972062,3060138,164469,0.0537456153938156,2088076,437423,1521714,74866,0.0491984696204412,1084291,9192,22294,301,0.013501390508657,13102,132306,381823,16255,0.0425720818284912,249517,4579703,9553053,317936,0.0332810882552415,4973350
"199",2020-08-08,1454758,4721353,138990,0.0294385952501327,3266595,973991,3075518,164754,0.0535695125178913,2101527,435476,1542245,75973,0.0492613041377991,1106769,9264,22680,318,0.014021164021164,13416,134393,386524,16357,0.0423182001635086,252131,4619488,9681073,320464,0.0331021158501749,5061585
"200",2020-08-09,1465914,4804535,140505,0.0292442452807608,3338621,979922,3089915,164952,0.053383992763555,2109993,432774,1558721,76614,0.0491518366660871,1125947,9573,22993,336,0.014613143130518,13420,134970,389787,16452,0.042207667264429,254817,4652090,9785475,322495,0.0329564993012603,5133385
"201",2020-08-10,1480404,4883998,141882,0.0290503804465112,3403594,997418,3117892,165249,0.0530002322081714,2120474,428969,1573321,77637,0.0493459376694266,1144352,9622,23310,354,0.0151866151866152,13688,134096,393579,16535,0.0420118959598962,259483,4688792,9884965,324555,0.0328331966779852,5196173
"202",2020-08-11,1492490,4967684,143219,0.0288301349280671,3475194,1001978,3136084,165752,0.0528531761266599,2134106,425867,1587768,78840,0.0496546094895476,1161901,9785,23724,375,0.0158067779463834,13939,135450,398281,16605,0.0416916699516171,262831,4623652,10016007,327808,0.0327284116315015,5392355
"203",2020-08-12,1508412,5059582,144770,0.0286130356223103,3551170,1011354,3161579,166115,0.0525417837099753,2150225,425989,1602521,79980,0.0499088623487617,1176532,9646,23974,384,0.0160173521314758,14328,136497,402556,16719,0.0415321098182613,266059,4633164,10153700,331203,0.0326189467878704,5520536
"204",2020-08-13,1521358,5149241,146258,0.0284037977635927,3627883,1023740,3186027,166468,0.0522494002718747,2162287,428259,1620442,80998,0.0499851275145917,1192183,9820,24372,398,0.0163302150008206,14552,138975,407821,16826,0.041258297145071,268846,4723897,10299252,334404,0.0324687656928872,5575355
"205",2020-08-14,1538109,5241181,147703,0.0281812438837735,3703072,1035436,3215185,166808,0.0518813069854456,2179749,412562,1638819,82015,0.0500451849777187,1226257,9489,24672,402,0.0162937743190661,15183,140577,412534,16925,0.0410269214173862,271957,4729766,10455976,341596,0.032669929617283,5726210
"206",2020-08-15,1554238,5330078,149231,0.0279979017192619,3775840,1042515,3234990,167240,0.0516972231753421,2192475,410123,1656859,82898,0.0500332255188885,1246736,9753,24937,419,0.016802341901592,15184,142259,417318,17008,0.0407554910164431,275059,4786571,10569705,343946,0.0325407378919279,5783134
"207",2020-08-16,1517478,5410542,150690,0.0278511838555176,3893064,1047306,3249002,167437,0.0515349021022456,2201696,408520,1671160,83399,0.0499048565068575,1262640,9583,25217,444,0.0176071697664274,15634,143486,421195,17078,0.0405465402010945,277709,4801168,10667217,345848,0.0324215772492488,5866049
"208",2020-08-17,1520858,5486781,152025,0.0277075028144918,3965923,1071785,3283298,167702,0.0510773009333908,2211513,404046,1683894,83921,0.0498374600776533,1279848,9357,25444,461,0.0181182204055966,16087,144023,424198,17151,0.0404315909080194,280175,4776826,10748826,347723,0.032349858486871,5972000
"209",2020-08-18,1531078,5577827,153629,0.0275428047517429,4046749,1077116,3303615,168190,0.0509108960941272,2226499,403166,1698143,85079,0.0501011987800792,1294977,9188,25666,473,0.0184290501051975,16478,144144,428591,17250,0.040248162000602,284447,4790374,10871422,351217,0.0323064452837908,6081048
"210",2020-08-19,1548603,5672748,155245,0.0273668070571793,4124145,1088111,3327503,168624,0.0506758371066833,2239392,404033,1715117,86110,0.0502064873708324,1311084,9120,25918,486,0.0187514468709005,16798,145828,433634,17360,0.0400337611903126,287806,4816679,11002268,354750,0.0322433520070589,6185589
"211",2020-08-20,1561634,5767002,156778,0.027185355579901,4205368,1098666,3352440,168940,0.0503931464843517,2253774,407874,1733076,87073,0.0502418820640295,1325202,6690,26100,495,0.0189655172413793,19410,146769,437546,17461,0.0399066612424751,290777,4850276,11125863,357834,0.0321623590008254,6275587
"212",2020-08-21,1570297,5861131,158195,0.0269905245250447,4290834,1125004,3394213,169331,0.0498881478563661,2269209,411967,1749550,87910,0.0502472064245092,1337583,6285,26301,508,0.019314854948481,20016,148175,442563,17555,0.039666668926232,294388,4910789,11235891,360982,0.0321275811593402,6325102
"213",2020-08-22,1587336,5954394,159589,0.0268018878159557,4367058,1131741,3414529,169634,0.0496800583623686,2282788,414283,1766732,88822,0.0502747445566164,1352449,6194,26513,525,0.0198016067589484,20319,150553,447642,17665,0.0394623382077642,297089,4937081,11352130,363378,0.0320096757172443,6415049
"214",2020-08-23,1576136,6035616,160895,0.0266575938562029,4459480,1141654,3434393,169849,0.0494553185963284,2292739,416649,1780116,89225,0.0501231380426893,1363467,5834,26626,540,0.0202809284158341,20792,152651,452060,17730,0.0392204574613989,299409,4925655,11447933,365594,0.0319353720885683,6522278
"215",2020-08-24,1570758,6119841,162234,0.0265095122569361,4549083,1169703,3471068,170131,0.0490140210448196,2301365,405908,1791881,89753,0.0500887056673964,1385973,5608,26771,548,0.0204699114713683,21163,151056,456282,17827,0.0390701364507037,305226,4942342,11536072,367665,0.0318709002509693,6593730
